/*==============================================================*/
/* Category                                                     */
/*==============================================================*/

-- Phone|Watch|Headphones|Camera|Dictaphone|Computer|GPS

INSERT INTO "Category" ("category_id","name") VALUES (1,'Phone');
INSERT INTO "Category" ("category_id","name") VALUES (2,'Watch');
INSERT INTO "Category" ("category_id","name") VALUES (3,'Headphones');
INSERT INTO "Category" ("category_id","name") VALUES (4,'Camera');
INSERT INTO "Category" ("category_id","name") VALUES (5,'Dictaphone');
INSERT INTO "Category" ("category_id","name") VALUES (6,'Computer');
INSERT INTO "Category" ("category_id","name") VALUES (7,'GPS');


/*==============================================================*/
/* Clients                                                      */
/*==============================================================*/

INSERT INTO "Clients" ("client_id","full_name","phone","EMAIL") VALUES (1,'Fay D. Oliver','463-9375','in@luctus.edu');
INSERT INTO "Clients" ("client_id","full_name","phone","EMAIL") VALUES (2,'Stacy Everett','1-757-497-1069','amet.faucibus@cursus.org');
INSERT INTO "Clients" ("client_id","full_name","phone","EMAIL") VALUES (3,'Moses Nolan','209-1202','et.pede@a.edu');
INSERT INTO "Clients" ("client_id","full_name","phone","EMAIL") VALUES (4,'Jocelyn P. Garcia','508-0556','vel@Integereu.net');
INSERT INTO "Clients" ("client_id","full_name","phone","EMAIL") VALUES (5,'Warren R. Moran','1-270-336-3365','conubia.nostra@penatibuset.co.uk');
INSERT INTO "Clients" ("client_id","full_name","phone","EMAIL") VALUES (6,'Lila Z. Lancaster','413-6194','feugiat.tellus.lorem@magna.net');
INSERT INTO "Clients" ("client_id","full_name","phone","EMAIL") VALUES (7,'Gannon Horton','1-489-635-6274','euismod.et@dictumeueleifend.com');
INSERT INTO "Clients" ("client_id","full_name","phone","EMAIL") VALUES (8,'Stephanie Mccray','1-362-685-9353','elementum.at@leoin.net');
INSERT INTO "Clients" ("client_id","full_name","phone","EMAIL") VALUES (9,'Danielle I. Williams','950-4495','Praesent.luctus@pulvinararcu.com');
INSERT INTO "Clients" ("client_id","full_name","phone","EMAIL") VALUES (10,'Bo N. Cobb','1-710-267-9286','a@Duisami.com');
INSERT INTO "Clients" ("client_id","full_name","phone","EMAIL") VALUES (11,'Cyrus Sullivan','119-7575','dolor.dapibus@Mauris.co.uk');
INSERT INTO "Clients" ("client_id","full_name","phone","EMAIL") VALUES (12,'Karly Mosley','282-9918','In.lorem.Donec@ultricesiaculisodio.edu');
INSERT INTO "Clients" ("client_id","full_name","phone","EMAIL") VALUES (13,'Ray Mosley','1-797-168-8977','sagittis.felis.Donec@massaIntegervitae.net');
INSERT INTO "Clients" ("client_id","full_name","phone","EMAIL") VALUES (14,'Nola N. Tate','1-751-651-2212','pellentesque@Phasellusfermentum.co.uk');
INSERT INTO "Clients" ("client_id","full_name","phone","EMAIL") VALUES (15,'Susan Reeves','806-9721','diam.Duis.mi@sedturpisnec.org');
INSERT INTO "Clients" ("client_id","full_name","phone","EMAIL") VALUES (16,'Marah Hayden','1-906-793-3416','nisi.dictum@Duisacarcu.edu');
INSERT INTO "Clients" ("client_id","full_name","phone","EMAIL") VALUES (17,'Quentin Barton','490-3594','risus.a.ultricies@elementumsemvitae.com');
INSERT INTO "Clients" ("client_id","full_name","phone","EMAIL") VALUES (18,'Ursula P. Levine','933-3989','amet.consectetuer.adipiscing@infaucibusorci.co.uk');
INSERT INTO "Clients" ("client_id","full_name","phone","EMAIL") VALUES (19,'Camilla Daniels','1-128-882-6627','ac@vitae.com');
INSERT INTO "Clients" ("client_id","full_name","phone","EMAIL") VALUES (20,'Ingrid X. Lindsey','787-7508','sodales.purus@ante.net');
INSERT INTO "Clients" ("client_id","full_name","phone","EMAIL") VALUES (21,'Isaiah Singleton','985-1805','nibh@Maurisvestibulum.edu');
INSERT INTO "Clients" ("client_id","full_name","phone","EMAIL") VALUES (22,'Yoshio Fowler','1-697-593-2462','est.congue@dolor.edu');
INSERT INTO "Clients" ("client_id","full_name","phone","EMAIL") VALUES (23,'Alden Q. Molina','1-135-871-1934','nunc.sed@massaVestibulum.edu');
INSERT INTO "Clients" ("client_id","full_name","phone","EMAIL") VALUES (24,'Meghan Sloan','1-436-349-6153','eget.tincidunt.dui@tortorNunccommodo.org');
INSERT INTO "Clients" ("client_id","full_name","phone","EMAIL") VALUES (25,'Grant Glover','1-393-269-4057','bibendum.sed@Inmi.co.uk');
INSERT INTO "Clients" ("client_id","full_name","phone","EMAIL") VALUES (26,'Valentine Warren','376-6970','eget.dictum.placerat@Proinvelarcu.co.uk');
INSERT INTO "Clients" ("client_id","full_name","phone","EMAIL") VALUES (27,'Coby I. Glover','1-439-228-5710','lobortis@fringillaeuismodenim.ca');
INSERT INTO "Clients" ("client_id","full_name","phone","EMAIL") VALUES (28,'Zoe Stevenson','1-541-879-0816','tempor.augue@primis.com');
INSERT INTO "Clients" ("client_id","full_name","phone","EMAIL") VALUES (29,'Channing E. Lott','1-505-324-1661','urna.Vivamus@commodo.edu');


/*==============================================================*/
/* Company                                                      */
/*==============================================================*/

INSERT INTO "Company" ("company_id","name","address") VALUES (1,'Est Vitae Industries','635-7097 In Avenue');
INSERT INTO "Company" ("company_id","name","address") VALUES (2,'Vel Lectus Inc.','384-6731 Eget St.');
INSERT INTO "Company" ("company_id","name","address") VALUES (3,'Mauris Non Dui Consulting','Ap #884-314 Sed St.');
INSERT INTO "Company" ("company_id","name","address") VALUES (4,'Sollicitudin Orci Institute','8326 Eu, Rd.');
INSERT INTO "Company" ("company_id","name","address") VALUES (5,'Semper Auctor Foundation','Ap #157-3591 Ac Avenue');
INSERT INTO "Company" ("company_id","name","address") VALUES (6,'Aliquet LLC','P.O. Box 729, 490 Euismod Avenue');
INSERT INTO "Company" ("company_id","name","address") VALUES (7,'Fusce Ltd','8368 Lorem St.');
INSERT INTO "Company" ("company_id","name","address") VALUES (8,'Semper Rutrum Fusce Associates','300-7699 Blandit Av.');
INSERT INTO "Company" ("company_id","name","address") VALUES (9,'Amet Consectetuer Inc.','613-2231 Et Avenue');
INSERT INTO "Company" ("company_id","name","address") VALUES (10,'Sed Orci Institute','493 In Road');
INSERT INTO "Company" ("company_id","name","address") VALUES (11,'Fringilla Ornare Placerat PC','P.O. Box 961, 3223 Sociis Avenue');
INSERT INTO "Company" ("company_id","name","address") VALUES (12,'Sit LLP','Ap #531-5704 Enim. Av.');
INSERT INTO "Company" ("company_id","name","address") VALUES (13,'Eget Consulting','Ap #681-8157 Orci Ave');
INSERT INTO "Company" ("company_id","name","address") VALUES (14,'Suspendisse Dui Foundation','P.O. Box 494, 6098 Eros. St.');
INSERT INTO "Company" ("company_id","name","address") VALUES (15,'Ipsum Curabitur Consequat Limited','741-148 Nec, St.');
INSERT INTO "Company" ("company_id","name","address") VALUES (16,'Eu Eros LLP','Ap #751-6008 Ornare Ave');
INSERT INTO "Company" ("company_id","name","address") VALUES (17,'Integer Mollis Consulting','P.O. Box 223, 1184 Enim. Road');
INSERT INTO "Company" ("company_id","name","address") VALUES (18,'Non Feugiat Corp.','P.O. Box 249, 2417 Volutpat Avenue');
INSERT INTO "Company" ("company_id","name","address") VALUES (19,'Phasellus Associates','P.O. Box 167, 1797 Tellus. Avenue');
INSERT INTO "Company" ("company_id","name","address") VALUES (20,'Natoque Penatibus Institute','Ap #314-5711 Lacus. Rd.');


/*==============================================================*/
/* Invoice                                                      */
/*==============================================================*/

/*==============================================================*/
/* Orders                                                      */
/*==============================================================*/

INSERT INTO "Orders" ("product_id","quantity") VALUES (19,9);
INSERT INTO "Orders" ("product_id","quantity") VALUES (35,2);
INSERT INTO "Orders" ("product_id","quantity") VALUES (18,6);
INSERT INTO "Orders" ("product_id","quantity") VALUES (54,1);
INSERT INTO "Orders" ("product_id","quantity") VALUES (20,8);
INSERT INTO "Orders" ("product_id","quantity") VALUES (33,10);
INSERT INTO "Orders" ("product_id","quantity") VALUES (21,2);
INSERT INTO "Orders" ("product_id","quantity") VALUES (50,1);
INSERT INTO "Orders" ("product_id","quantity") VALUES (46,1);
INSERT INTO "Orders" ("product_id","quantity") VALUES (12,6);
INSERT INTO "Orders" ("product_id","quantity") VALUES (27,6);
INSERT INTO "Orders" ("product_id","quantity") VALUES (17,3);
INSERT INTO "Orders" ("product_id","quantity") VALUES (29,10);
INSERT INTO "Orders" ("product_id","quantity") VALUES (35,9);
INSERT INTO "Orders" ("product_id","quantity") VALUES (12,2);
INSERT INTO "Orders" ("product_id","quantity") VALUES (55,8);
INSERT INTO "Orders" ("product_id","quantity") VALUES (38,9);
INSERT INTO "Orders" ("product_id","quantity") VALUES (34,10);
INSERT INTO "Orders" ("product_id","quantity") VALUES (45,4);
INSERT INTO "Orders" ("product_id","quantity") VALUES (25,8);
INSERT INTO "Orders" ("product_id","quantity") VALUES (25,6);
INSERT INTO "Orders" ("product_id","quantity") VALUES (47,5);
INSERT INTO "Orders" ("product_id","quantity") VALUES (12,9);
INSERT INTO "Orders" ("product_id","quantity") VALUES (37,6);
INSERT INTO "Orders" ("product_id","quantity") VALUES (43,5);
INSERT INTO "Orders" ("product_id","quantity") VALUES (9,10);
INSERT INTO "Orders" ("product_id","quantity") VALUES (27,3);
INSERT INTO "Orders" ("product_id","quantity") VALUES (31,4);
INSERT INTO "Orders" ("product_id","quantity") VALUES (42,5);
INSERT INTO "Orders" ("product_id","quantity") VALUES (27,7);
INSERT INTO "Orders" ("product_id","quantity") VALUES (49,6);
INSERT INTO "Orders" ("product_id","quantity") VALUES (35,6);
INSERT INTO "Orders" ("product_id","quantity") VALUES (29,8);
INSERT INTO "Orders" ("product_id","quantity") VALUES (39,4);
INSERT INTO "Orders" ("product_id","quantity") VALUES (30,2);
INSERT INTO "Orders" ("product_id","quantity") VALUES (33,2);
INSERT INTO "Orders" ("product_id","quantity") VALUES (14,9);
INSERT INTO "Orders" ("product_id","quantity") VALUES (40,3);
INSERT INTO "Orders" ("product_id","quantity") VALUES (55,7);
INSERT INTO "Orders" ("product_id","quantity") VALUES (19,5);
INSERT INTO "Orders" ("product_id","quantity") VALUES (24,7);
INSERT INTO "Orders" ("product_id","quantity") VALUES (40,9);
INSERT INTO "Orders" ("product_id","quantity") VALUES (20,9);
INSERT INTO "Orders" ("product_id","quantity") VALUES (47,9);
INSERT INTO "Orders" ("product_id","quantity") VALUES (55,1);
INSERT INTO "Orders" ("product_id","quantity") VALUES (43,4);
INSERT INTO "Orders" ("product_id","quantity") VALUES (14,7);
INSERT INTO "Orders" ("product_id","quantity") VALUES (39,3);
INSERT INTO "Orders" ("product_id","quantity") VALUES (28,8);
INSERT INTO "Orders" ("product_id","quantity") VALUES (12,8);
INSERT INTO "Orders" ("product_id","quantity") VALUES (20,8);
INSERT INTO "Orders" ("product_id","quantity") VALUES (43,4);
INSERT INTO "Orders" ("product_id","quantity") VALUES (9,10);
INSERT INTO "Orders" ("product_id","quantity") VALUES (29,3);
INSERT INTO "Orders" ("product_id","quantity") VALUES (35,4);
INSERT INTO "Orders" ("product_id","quantity") VALUES (44,6);
INSERT INTO "Orders" ("product_id","quantity") VALUES (14,1);
INSERT INTO "Orders" ("product_id","quantity") VALUES (19,3);
INSERT INTO "Orders" ("product_id","quantity") VALUES (52,4);
INSERT INTO "Orders" ("product_id","quantity") VALUES (40,2);
INSERT INTO "Orders" ("product_id","quantity") VALUES (22,8);
INSERT INTO "Orders" ("product_id","quantity") VALUES (47,10);
INSERT INTO "Orders" ("product_id","quantity") VALUES (29,3);
INSERT INTO "Orders" ("product_id","quantity") VALUES (39,2);
INSERT INTO "Orders" ("product_id","quantity") VALUES (23,10);
INSERT INTO "Orders" ("product_id","quantity") VALUES (18,5);
INSERT INTO "Orders" ("product_id","quantity") VALUES (31,1);
INSERT INTO "Orders" ("product_id","quantity") VALUES (24,2);
INSERT INTO "Orders" ("product_id","quantity") VALUES (12,4);
INSERT INTO "Orders" ("product_id","quantity") VALUES (44,9);
INSERT INTO "Orders" ("product_id","quantity") VALUES (40,1);
INSERT INTO "Orders" ("product_id","quantity") VALUES (30,8);
INSERT INTO "Orders" ("product_id","quantity") VALUES (41,6);
INSERT INTO "Orders" ("product_id","quantity") VALUES (24,2);
INSERT INTO "Orders" ("product_id","quantity") VALUES (22,2);
INSERT INTO "Orders" ("product_id","quantity") VALUES (16,1);
INSERT INTO "Orders" ("product_id","quantity") VALUES (53,2);
INSERT INTO "Orders" ("product_id","quantity") VALUES (14,9);
INSERT INTO "Orders" ("product_id","quantity") VALUES (46,9);
INSERT INTO "Orders" ("product_id","quantity") VALUES (44,5);
INSERT INTO "Orders" ("product_id","quantity") VALUES (28,3);
INSERT INTO "Orders" ("product_id","quantity") VALUES (50,9);
INSERT INTO "Orders" ("product_id","quantity") VALUES (26,6);
INSERT INTO "Orders" ("product_id","quantity") VALUES (36,9);
INSERT INTO "Orders" ("product_id","quantity") VALUES (50,3);
INSERT INTO "Orders" ("product_id","quantity") VALUES (19,5);
INSERT INTO "Orders" ("product_id","quantity") VALUES (46,8);
INSERT INTO "Orders" ("product_id","quantity") VALUES (33,9);
INSERT INTO "Orders" ("product_id","quantity") VALUES (51,6);
INSERT INTO "Orders" ("product_id","quantity") VALUES (50,6);
INSERT INTO "Orders" ("product_id","quantity") VALUES (55,7);
INSERT INTO "Orders" ("product_id","quantity") VALUES (39,3);
INSERT INTO "Orders" ("product_id","quantity") VALUES (46,5);
INSERT INTO "Orders" ("product_id","quantity") VALUES (37,10);
INSERT INTO "Orders" ("product_id","quantity") VALUES (22,8);
INSERT INTO "Orders" ("product_id","quantity") VALUES (25,5);
INSERT INTO "Orders" ("product_id","quantity") VALUES (40,9);
INSERT INTO "Orders" ("product_id","quantity") VALUES (42,7);
INSERT INTO "Orders" ("product_id","quantity") VALUES (43,2);
INSERT INTO "Orders" ("product_id","quantity") VALUES (10,8);


/*==============================================================*/
/* Position                                                      */
/*==============================================================*/

INSERT INTO "Position" ("title","salary") VALUES ('seller', 2000);
INSERT INTO "Position" ("title","salary") VALUES ('supervisor', 5000);
INSERT INTO "Position" ("chief_id", "title","salary") VALUES (2, 'cashier', 3500);
INSERT INTO "Position" ("chief_id", "title","salary") VALUES (2, 'trading agent', 1500);
INSERT INTO "Position" ("chief_id", "title","salary") VALUES (1, 'seller-consultant', 1700);

/*==============================================================*/
/* Product                                                      */
/*==============================================================*/

INSERT INTO "Product" ("company_id","category_id","name","code","price","production_date","expiration_date") VALUES (12,3,'Nibh LLC','69988676999',3867,'10/07/13','01/29/18');
INSERT INTO "Product" ("company_id","category_id","name","code","price","production_date","expiration_date") VALUES (10,2,'Commodo Limited','53578604599',3022,'07/19/14','01/17/18');
INSERT INTO "Product" ("company_id","category_id","name","code","price","production_date","expiration_date") VALUES (7,7,'Volutpat Incorporated','03829979799',1333,'03/02/16','02/25/19');
INSERT INTO "Product" ("company_id","category_id","name","code","price","production_date","expiration_date") VALUES (6,2,'Neque In Ornare Limited','63708369899',1652,'01/06/16','08/24/17');
INSERT INTO "Product" ("company_id","category_id","name","code","price","production_date","expiration_date") VALUES (17,3,'Curae; Limited','77595055799',3011,'04/19/14','04/21/17');
INSERT INTO "Product" ("company_id","category_id","name","code","price","production_date","expiration_date") VALUES (15,3,'Lacus Nulla Tincidunt Industries','62242085499',1573,'10/05/15','08/17/17');
INSERT INTO "Product" ("company_id","category_id","name","code","price","production_date","expiration_date") VALUES (2,6,'Quis Pede Suspendisse LLP','24984245899',780,'04/17/14','10/21/18');
INSERT INTO "Product" ("company_id","category_id","name","code","price","production_date","expiration_date") VALUES (11,5,'Eget Odio Aliquam LLP','12295132899',1559,'02/05/14','06/05/18');
INSERT INTO "Product" ("company_id","category_id","name","code","price","production_date","expiration_date") VALUES (15,3,'Semper Corp.','72329566099',3135,'02/27/14','05/11/18');
INSERT INTO "Product" ("company_id","category_id","name","code","price","production_date","expiration_date") VALUES (7,5,'Tincidunt Adipiscing Ltd','50564966199',1781,'04/16/15','09/20/17');
INSERT INTO "Product" ("company_id","category_id","name","code","price","production_date","expiration_date") VALUES (14,7,'Id Corporation','62412720299',2595,'10/18/14','01/12/19');
INSERT INTO "Product" ("company_id","category_id","name","code","price","production_date","expiration_date") VALUES (7,4,'Duis Elementum Corp.','96427910799',2412,'01/29/15','03/04/19');
INSERT INTO "Product" ("company_id","category_id","name","code","price","production_date","expiration_date") VALUES (10,3,'At Risus Limited','95476264999',2151,'11/14/15','05/30/17');
INSERT INTO "Product" ("company_id","category_id","name","code","price","production_date","expiration_date") VALUES (2,7,'Sit Amet PC','10395222899',2140,'10/07/13','07/31/18');
INSERT INTO "Product" ("company_id","category_id","name","code","price","production_date","expiration_date") VALUES (4,5,'Mi Incorporated','42797639199',2895,'06/05/14','12/21/17');
INSERT INTO "Product" ("company_id","category_id","name","code","price","production_date","expiration_date") VALUES (18,3,'Erat Neque Institute','18587814999',1530,'11/10/14','02/22/18');
INSERT INTO "Product" ("company_id","category_id","name","code","price","production_date","expiration_date") VALUES (17,3,'Id Enim Curabitur Company','18728703399',2255,'12/13/13','08/20/17');
INSERT INTO "Product" ("company_id","category_id","name","code","price","production_date","expiration_date") VALUES (2,4,'Nulla Ante Iaculis LLC','16564758099',1326,'12/06/14','07/26/17');
INSERT INTO "Product" ("company_id","category_id","name","code","price","production_date","expiration_date") VALUES (9,4,'Diam Industries','62340385099',3990,'01/05/16','03/16/18');
INSERT INTO "Product" ("company_id","category_id","name","code","price","production_date","expiration_date") VALUES (11,4,'Imperdiet Ornare In Industries','19308359599',2105,'08/04/14','05/05/18');
INSERT INTO "Product" ("company_id","category_id","name","code","price","production_date","expiration_date") VALUES (10,1,'Vel Lectus Inc.','87314338399',960,'02/12/14','12/06/17');
INSERT INTO "Product" ("company_id","category_id","name","code","price","production_date","expiration_date") VALUES (1,5,'Eget Industries','13615467599',1058,'12/14/14','12/18/18');
INSERT INTO "Product" ("company_id","category_id","name","code","price","production_date","expiration_date") VALUES (8,4,'Vel Lectus LLC','18816143699',837,'07/15/13','04/29/18');
INSERT INTO "Product" ("company_id","category_id","name","code","price","production_date","expiration_date") VALUES (1,7,'Tincidunt LLC','08728368199',1785,'05/08/15','03/07/18');
INSERT INTO "Product" ("company_id","category_id","name","code","price","production_date","expiration_date") VALUES (11,7,'Lorem Eu Associates','62905849799',1984,'02/01/15','12/31/18');
INSERT INTO "Product" ("company_id","category_id","name","code","price","production_date","expiration_date") VALUES (18,6,'Diam At Pretium Incorporated','23396160499',1407,'11/22/15','04/19/18');
INSERT INTO "Product" ("company_id","category_id","name","code","price","production_date","expiration_date") VALUES (2,7,'Pede Nonummy Incorporated','12955798899',810,'10/01/14','05/03/18');
INSERT INTO "Product" ("company_id","category_id","name","code","price","production_date","expiration_date") VALUES (10,1,'Ipsum Leo Elementum LLP','75347253099',1590,'08/07/15','08/26/18');
INSERT INTO "Product" ("company_id","category_id","name","code","price","production_date","expiration_date") VALUES (8,5,'Quisque Tincidunt Inc.','56331989799',3421,'10/29/14','05/29/18');
INSERT INTO "Product" ("company_id","category_id","name","code","price","production_date","expiration_date") VALUES (6,2,'Ipsum Primis Corp.','81925302299',1939,'02/19/16','11/02/18');
INSERT INTO "Product" ("company_id","category_id","name","code","price","production_date","expiration_date") VALUES (9,7,'Sit Foundation','07412765199',2244,'07/10/14','08/08/17');
INSERT INTO "Product" ("company_id","category_id","name","code","price","production_date","expiration_date") VALUES (5,4,'Amet Lorem Company','45985355999',1371,'01/08/16','06/13/18');
INSERT INTO "Product" ("company_id","category_id","name","code","price","production_date","expiration_date") VALUES (5,7,'Facilisi Sed Neque Limited','87489512099',2483,'09/28/14','04/08/18');
INSERT INTO "Product" ("company_id","category_id","name","code","price","production_date","expiration_date") VALUES (5,2,'Eu LLC','58560582599',3127,'08/08/15','03/31/19');
INSERT INTO "Product" ("company_id","category_id","name","code","price","production_date","expiration_date") VALUES (12,7,'A Mi Consulting','83595640299',785,'06/26/14','02/08/18');
INSERT INTO "Product" ("company_id","category_id","name","code","price","production_date","expiration_date") VALUES (15,7,'Neque LLC','86682453499',2943,'06/10/13','10/23/17');
INSERT INTO "Product" ("company_id","category_id","name","code","price","production_date","expiration_date") VALUES (5,7,'Eleifend LLC','87561775899',1999,'02/22/15','02/06/18');
INSERT INTO "Product" ("company_id","category_id","name","code","price","production_date","expiration_date") VALUES (2,5,'Egestas A PC','07313931199',1949,'06/30/14','12/22/18');
INSERT INTO "Product" ("company_id","category_id","name","code","price","production_date","expiration_date") VALUES (15,7,'Aliquet Vel Limited','06436296499',2961,'08/06/15','03/16/19');
INSERT INTO "Product" ("company_id","category_id","name","code","price","production_date","expiration_date") VALUES (15,5,'Morbi Tristique Senectus Incorporated','95561896899',1251,'09/15/14','10/15/18');
INSERT INTO "Product" ("company_id","category_id","name","code","price","production_date","expiration_date") VALUES (2,3,'Enim Nec Tempus Corp.','20687853299',2009,'03/18/16','05/21/18');
INSERT INTO "Product" ("company_id","category_id","name","code","price","production_date","expiration_date") VALUES (6,1,'Sapien Imperdiet Ornare LLP','88921532199',2767,'04/11/15','03/18/18');
INSERT INTO "Product" ("company_id","category_id","name","code","price","production_date","expiration_date") VALUES (4,1,'Consectetuer Adipiscing Limited','03333361999',672,'04/10/16','12/18/17');
INSERT INTO "Product" ("company_id","category_id","name","code","price","production_date","expiration_date") VALUES (1,7,'Montes Nascetur Ridiculus Inc.','92624408899',1749,'03/05/14','01/08/19');
INSERT INTO "Product" ("company_id","category_id","name","code","price","production_date","expiration_date") VALUES (10,2,'Vel Turpis Inc.','49267992799',1597,'02/26/14','02/10/19');
INSERT INTO "Product" ("company_id","category_id","name","code","price","production_date","expiration_date") VALUES (13,3,'Vivamus LLC','26251858999',2966,'02/19/16','01/13/18');
INSERT INTO "Product" ("company_id","category_id","name","code","price","production_date","expiration_date") VALUES (17,4,'Dictum Associates','21243313999',1260,'05/09/13','07/02/17');

/*==============================================================*/
/* Sales                                                      */
/*==============================================================*/

INSERT INTO "Sales" ("staff_id","client_id","order_id","sale_date") VALUES (18,29,38,'05.04.11');
INSERT INTO "Sales" ("staff_id","client_id","order_id","sale_date") VALUES (16,29,76,'03.01.08');
INSERT INTO "Sales" ("staff_id","client_id","order_id","sale_date") VALUES (13,7,91,'20.07.07');
INSERT INTO "Sales" ("staff_id","client_id","order_id","sale_date") VALUES (8,28,10,'22.04.17');
INSERT INTO "Sales" ("staff_id","client_id","order_id","sale_date") VALUES (18,2,17,'26.01.07');
INSERT INTO "Sales" ("staff_id","client_id","order_id","sale_date") VALUES (13,3,66,'26.02.14');
INSERT INTO "Sales" ("staff_id","client_id","order_id","sale_date") VALUES (7,20,19,'24.06.13');
INSERT INTO "Sales" ("staff_id","client_id","order_id","sale_date") VALUES (12,29,69,'21.01.09');
INSERT INTO "Sales" ("staff_id","client_id","order_id","sale_date") VALUES (3,3,68,'07.08.15');
INSERT INTO "Sales" ("staff_id","client_id","order_id","sale_date") VALUES (18,7,12,'09.09.07');
INSERT INTO "Sales" ("staff_id","client_id","order_id","sale_date") VALUES (12,22,34,'03.08.10');
INSERT INTO "Sales" ("staff_id","client_id","order_id","sale_date") VALUES (9,3,73,'11.04.07');
INSERT INTO "Sales" ("staff_id","client_id","order_id","sale_date") VALUES (3,16,29,'06.11.12');
INSERT INTO "Sales" ("staff_id","client_id","order_id","sale_date") VALUES (1,15,100,'12.11.13');
INSERT INTO "Sales" ("staff_id","client_id","order_id","sale_date") VALUES (3,2,61,'13.04.09');
INSERT INTO "Sales" ("staff_id","client_id","order_id","sale_date") VALUES (17,19,59,'06.05.10');
INSERT INTO "Sales" ("staff_id","client_id","order_id","sale_date") VALUES (12,2,16,'11.01.12');
INSERT INTO "Sales" ("staff_id","client_id","order_id","sale_date") VALUES (5,29,49,'16.03.18');
INSERT INTO "Sales" ("staff_id","client_id","order_id","sale_date") VALUES (17,11,54,'26.11.13');
INSERT INTO "Sales" ("staff_id","client_id","order_id","sale_date") VALUES (12,11,93,'17.05.12');
INSERT INTO "Sales" ("staff_id","client_id","order_id","sale_date") VALUES (10,10,30,'03.10.12');
INSERT INTO "Sales" ("staff_id","client_id","order_id","sale_date") VALUES (9,14,88,'15.10.12');
INSERT INTO "Sales" ("staff_id","client_id","order_id","sale_date") VALUES (17,29,29,'25.10.15');
INSERT INTO "Sales" ("staff_id","client_id","order_id","sale_date") VALUES (17,21,77,'29.01.18');
INSERT INTO "Sales" ("staff_id","client_id","order_id","sale_date") VALUES (17,7,9,'05.10.13');
INSERT INTO "Sales" ("staff_id","client_id","order_id","sale_date") VALUES (2,19,19,'23.06.16');
INSERT INTO "Sales" ("staff_id","client_id","order_id","sale_date") VALUES (7,29,68,'05.11.08');
INSERT INTO "Sales" ("staff_id","client_id","order_id","sale_date") VALUES (5,28,65,'19.07.12');
INSERT INTO "Sales" ("staff_id","client_id","order_id","sale_date") VALUES (7,18,90,'17.02.18');
INSERT INTO "Sales" ("staff_id","client_id","order_id","sale_date") VALUES (1,2,68,'18.12.11');
INSERT INTO "Sales" ("staff_id","client_id","order_id","sale_date") VALUES (11,8,72,'08.08.09');
INSERT INTO "Sales" ("staff_id","client_id","order_id","sale_date") VALUES (17,25,61,'28.08.08');
INSERT INTO "Sales" ("staff_id","client_id","order_id","sale_date") VALUES (10,23,14,'29.11.15');
INSERT INTO "Sales" ("staff_id","client_id","order_id","sale_date") VALUES (4,24,76,'17.05.06');
INSERT INTO "Sales" ("staff_id","client_id","order_id","sale_date") VALUES (3,27,84,'15.09.08');
INSERT INTO "Sales" ("staff_id","client_id","order_id","sale_date") VALUES (5,6,41,'27.02.18');
INSERT INTO "Sales" ("staff_id","client_id","order_id","sale_date") VALUES (1,2,67,'14.04.06');
INSERT INTO "Sales" ("staff_id","client_id","order_id","sale_date") VALUES (18,10,28,'30.08.13');
INSERT INTO "Sales" ("staff_id","client_id","order_id","sale_date") VALUES (14,2,81,'21.07.11');
INSERT INTO "Sales" ("staff_id","client_id","order_id","sale_date") VALUES (8,2,97,'05.09.16');
INSERT INTO "Sales" ("staff_id","client_id","order_id","sale_date") VALUES (4,12,67,'08.04.12');
INSERT INTO "Sales" ("staff_id","client_id","order_id","sale_date") VALUES (9,14,53,'25.11.12');
INSERT INTO "Sales" ("staff_id","client_id","order_id","sale_date") VALUES (13,27,43,'03.09.10');
INSERT INTO "Sales" ("staff_id","client_id","order_id","sale_date") VALUES (10,26,37,'23.12.14');
INSERT INTO "Sales" ("staff_id","client_id","order_id","sale_date") VALUES (16,25,25,'14.04.12');
INSERT INTO "Sales" ("staff_id","client_id","order_id","sale_date") VALUES (17,3,15,'01.06.08');
INSERT INTO "Sales" ("staff_id","client_id","order_id","sale_date") VALUES (7,12,53,'02.06.17');
INSERT INTO "Sales" ("staff_id","client_id","order_id","sale_date") VALUES (17,12,41,'02.02.11');
INSERT INTO "Sales" ("staff_id","client_id","order_id","sale_date") VALUES (8,25,4,'27.06.07');
INSERT INTO "Sales" ("staff_id","client_id","order_id","sale_date") VALUES (2,23,86,'31.05.16');
INSERT INTO "Sales" ("staff_id","client_id","order_id","sale_date") VALUES (17,8,54,'23.07.14');
INSERT INTO "Sales" ("staff_id","client_id","order_id","sale_date") VALUES (11,15,18,'21.10.11');
INSERT INTO "Sales" ("staff_id","client_id","order_id","sale_date") VALUES (3,25,56,'04.08.09');
INSERT INTO "Sales" ("staff_id","client_id","order_id","sale_date") VALUES (14,6,29,'26.04.12');
INSERT INTO "Sales" ("staff_id","client_id","order_id","sale_date") VALUES (11,24,26,'29.02.12');
INSERT INTO "Sales" ("staff_id","client_id","order_id","sale_date") VALUES (15,2,19,'04.04.15');
INSERT INTO "Sales" ("staff_id","client_id","order_id","sale_date") VALUES (13,27,76,'12.01.13');
INSERT INTO "Sales" ("staff_id","client_id","order_id","sale_date") VALUES (13,25,49,'12.03.17');
INSERT INTO "Sales" ("staff_id","client_id","order_id","sale_date") VALUES (2,16,17,'30.04.12');
INSERT INTO "Sales" ("staff_id","client_id","order_id","sale_date") VALUES (15,5,92,'26.03.16');
INSERT INTO "Sales" ("staff_id","client_id","order_id","sale_date") VALUES (6,11,54,'07.08.14');
INSERT INTO "Sales" ("staff_id","client_id","order_id","sale_date") VALUES (10,27,28,'15.06.14');
INSERT INTO "Sales" ("staff_id","client_id","order_id","sale_date") VALUES (6,10,90,'02.09.09');
INSERT INTO "Sales" ("staff_id","client_id","order_id","sale_date") VALUES (3,24,40,'29.12.17');
INSERT INTO "Sales" ("staff_id","client_id","order_id","sale_date") VALUES (7,29,49,'21.08.17');
INSERT INTO "Sales" ("staff_id","client_id","order_id","sale_date") VALUES (9,5,93,'29.11.15');
INSERT INTO "Sales" ("staff_id","client_id","order_id","sale_date") VALUES (15,9,12,'29.07.08');
INSERT INTO "Sales" ("staff_id","client_id","order_id","sale_date") VALUES (12,7,45,'27.05.07');
INSERT INTO "Sales" ("staff_id","client_id","order_id","sale_date") VALUES (14,8,57,'16.08.16');
INSERT INTO "Sales" ("staff_id","client_id","order_id","sale_date") VALUES (12,7,35,'22.12.07');
INSERT INTO "Sales" ("staff_id","client_id","order_id","sale_date") VALUES (14,5,45,'02.07.13');
INSERT INTO "Sales" ("staff_id","client_id","order_id","sale_date") VALUES (14,19,19,'25.01.09');
INSERT INTO "Sales" ("staff_id","client_id","order_id","sale_date") VALUES (11,9,44,'20.10.07');
INSERT INTO "Sales" ("staff_id","client_id","order_id","sale_date") VALUES (18,8,33,'02.02.07');
INSERT INTO "Sales" ("staff_id","client_id","order_id","sale_date") VALUES (10,10,51,'09.07.10');
INSERT INTO "Sales" ("staff_id","client_id","order_id","sale_date") VALUES (2,12,52,'20.05.13');
INSERT INTO "Sales" ("staff_id","client_id","order_id","sale_date") VALUES (14,23,24,'06.07.13');
INSERT INTO "Sales" ("staff_id","client_id","order_id","sale_date") VALUES (5,2,1,'13.12.09');
INSERT INTO "Sales" ("staff_id","client_id","order_id","sale_date") VALUES (2,3,17,'10.10.12');
INSERT INTO "Sales" ("staff_id","client_id","order_id","sale_date") VALUES (11,19,56,'17.11.09');
INSERT INTO "Sales" ("staff_id","client_id","order_id","sale_date") VALUES (13,24,84,'07.09.09');
INSERT INTO "Sales" ("staff_id","client_id","order_id","sale_date") VALUES (15,6,87,'16.09.06');
INSERT INTO "Sales" ("staff_id","client_id","order_id","sale_date") VALUES (10,10,97,'04.09.17');
INSERT INTO "Sales" ("staff_id","client_id","order_id","sale_date") VALUES (16,16,39,'12.02.13');
INSERT INTO "Sales" ("staff_id","client_id","order_id","sale_date") VALUES (18,25,65,'15.02.15');
INSERT INTO "Sales" ("staff_id","client_id","order_id","sale_date") VALUES (8,4,32,'15.08.13');
INSERT INTO "Sales" ("staff_id","client_id","order_id","sale_date") VALUES (5,4,80,'04.04.14');
INSERT INTO "Sales" ("staff_id","client_id","order_id","sale_date") VALUES (15,9,76,'31.12.17');
INSERT INTO "Sales" ("staff_id","client_id","order_id","sale_date") VALUES (13,24,19,'12.06.12');
INSERT INTO "Sales" ("staff_id","client_id","order_id","sale_date") VALUES (13,17,100,'04.07.12');
INSERT INTO "Sales" ("staff_id","client_id","order_id","sale_date") VALUES (5,15,8,'10.12.14');
INSERT INTO "Sales" ("staff_id","client_id","order_id","sale_date") VALUES (5,15,6,'01.09.07');
INSERT INTO "Sales" ("staff_id","client_id","order_id","sale_date") VALUES (10,5,55,'13.08.09');
INSERT INTO "Sales" ("staff_id","client_id","order_id","sale_date") VALUES (18,19,22,'20.10.11');
INSERT INTO "Sales" ("staff_id","client_id","order_id","sale_date") VALUES (2,27,90,'13.04.16');
INSERT INTO "Sales" ("staff_id","client_id","order_id","sale_date") VALUES (17,9,68,'22.10.14');
INSERT INTO "Sales" ("staff_id","client_id","order_id","sale_date") VALUES (3,24,44,'13.05.14');
INSERT INTO "Sales" ("staff_id","client_id","order_id","sale_date") VALUES (9,20,80,'14.08.14');
INSERT INTO "Sales" ("staff_id","client_id","order_id","sale_date") VALUES (17,7,60,'09.07.17');
INSERT INTO "Sales" ("staff_id","client_id","order_id","sale_date") VALUES (9,28,29,'21.10.08');
INSERT INTO "Sales" ("staff_id","client_id","order_id","sale_date") VALUES (3,3,28,'18.04.15');
INSERT INTO "Sales" ("staff_id","client_id","order_id","sale_date") VALUES (10,4,26,'07.03.14');
INSERT INTO "Sales" ("staff_id","client_id","order_id","sale_date") VALUES (7,22,31,'09.11.07');
INSERT INTO "Sales" ("staff_id","client_id","order_id","sale_date") VALUES (4,9,65,'03.10.11');
INSERT INTO "Sales" ("staff_id","client_id","order_id","sale_date") VALUES (11,17,17,'21.07.09');
INSERT INTO "Sales" ("staff_id","client_id","order_id","sale_date") VALUES (2,17,28,'19.05.10');
INSERT INTO "Sales" ("staff_id","client_id","order_id","sale_date") VALUES (12,29,27,'01.05.09');
INSERT INTO "Sales" ("staff_id","client_id","order_id","sale_date") VALUES (6,10,90,'02.03.11');
INSERT INTO "Sales" ("staff_id","client_id","order_id","sale_date") VALUES (14,23,21,'03.11.12');
INSERT INTO "Sales" ("staff_id","client_id","order_id","sale_date") VALUES (18,13,57,'02.10.17');
INSERT INTO "Sales" ("staff_id","client_id","order_id","sale_date") VALUES (1,24,33,'24.04.14');
INSERT INTO "Sales" ("staff_id","client_id","order_id","sale_date") VALUES (14,3,73,'17.10.09');
INSERT INTO "Sales" ("staff_id","client_id","order_id","sale_date") VALUES (15,29,69,'30.11.10');
INSERT INTO "Sales" ("staff_id","client_id","order_id","sale_date") VALUES (7,27,70,'16.02.12');
INSERT INTO "Sales" ("staff_id","client_id","order_id","sale_date") VALUES (4,28,47,'06.08.15');
INSERT INTO "Sales" ("staff_id","client_id","order_id","sale_date") VALUES (6,26,58,'18.09.07');
INSERT INTO "Sales" ("staff_id","client_id","order_id","sale_date") VALUES (2,5,99,'03.03.12');
INSERT INTO "Sales" ("staff_id","client_id","order_id","sale_date") VALUES (3,18,54,'22.09.12');
INSERT INTO "Sales" ("staff_id","client_id","order_id","sale_date") VALUES (1,2,16,'28.01.14');
INSERT INTO "Sales" ("staff_id","client_id","order_id","sale_date") VALUES (8,15,53,'03.05.11');
INSERT INTO "Sales" ("staff_id","client_id","order_id","sale_date") VALUES (12,11,76,'25.12.17');
INSERT INTO "Sales" ("staff_id","client_id","order_id","sale_date") VALUES (7,6,18,'22.07.07');
INSERT INTO "Sales" ("staff_id","client_id","order_id","sale_date") VALUES (1,12,12,'03.07.13');
INSERT INTO "Sales" ("staff_id","client_id","order_id","sale_date") VALUES (7,3,13,'11.08.17');
INSERT INTO "Sales" ("staff_id","client_id","order_id","sale_date") VALUES (2,18,37,'21.06.08');
INSERT INTO "Sales" ("staff_id","client_id","order_id","sale_date") VALUES (17,28,29,'24.10.09');
INSERT INTO "Sales" ("staff_id","client_id","order_id","sale_date") VALUES (12,29,69,'05.12.15');
INSERT INTO "Sales" ("staff_id","client_id","order_id","sale_date") VALUES (13,13,68,'18.02.12');
INSERT INTO "Sales" ("staff_id","client_id","order_id","sale_date") VALUES (5,29,8,'28.12.15');
INSERT INTO "Sales" ("staff_id","client_id","order_id","sale_date") VALUES (6,15,48,'20.09.13');
INSERT INTO "Sales" ("staff_id","client_id","order_id","sale_date") VALUES (5,28,78,'06.08.11');
INSERT INTO "Sales" ("staff_id","client_id","order_id","sale_date") VALUES (17,6,96,'07.10.08');
INSERT INTO "Sales" ("staff_id","client_id","order_id","sale_date") VALUES (1,17,27,'28.09.17');
INSERT INTO "Sales" ("staff_id","client_id","order_id","sale_date") VALUES (18,11,77,'10.01.09');
INSERT INTO "Sales" ("staff_id","client_id","order_id","sale_date") VALUES (1,19,36,'24.11.14');
INSERT INTO "Sales" ("staff_id","client_id","order_id","sale_date") VALUES (6,17,85,'09.01.11');
INSERT INTO "Sales" ("staff_id","client_id","order_id","sale_date") VALUES (7,27,72,'05.04.18');
INSERT INTO "Sales" ("staff_id","client_id","order_id","sale_date") VALUES (7,21,85,'31.07.09');
INSERT INTO "Sales" ("staff_id","client_id","order_id","sale_date") VALUES (1,12,31,'09.04.07');
INSERT INTO "Sales" ("staff_id","client_id","order_id","sale_date") VALUES (14,19,50,'14.10.11');
INSERT INTO "Sales" ("staff_id","client_id","order_id","sale_date") VALUES (4,6,4,'16.07.12');
INSERT INTO "Sales" ("staff_id","client_id","order_id","sale_date") VALUES (14,27,33,'26.01.13');
INSERT INTO "Sales" ("staff_id","client_id","order_id","sale_date") VALUES (12,15,17,'17.05.07');
INSERT INTO "Sales" ("staff_id","client_id","order_id","sale_date") VALUES (11,5,97,'05.10.06');
INSERT INTO "Sales" ("staff_id","client_id","order_id","sale_date") VALUES (14,6,82,'30.04.06');
INSERT INTO "Sales" ("staff_id","client_id","order_id","sale_date") VALUES (14,29,21,'30.06.12');
INSERT INTO "Sales" ("staff_id","client_id","order_id","sale_date") VALUES (16,3,33,'16.01.15');
INSERT INTO "Sales" ("staff_id","client_id","order_id","sale_date") VALUES (12,27,39,'29.04.17');
INSERT INTO "Sales" ("staff_id","client_id","order_id","sale_date") VALUES (18,9,34,'23.03.15');
INSERT INTO "Sales" ("staff_id","client_id","order_id","sale_date") VALUES (15,15,91,'09.11.17');
INSERT INTO "Sales" ("staff_id","client_id","order_id","sale_date") VALUES (12,3,28,'29.03.17');
INSERT INTO "Sales" ("staff_id","client_id","order_id","sale_date") VALUES (13,24,50,'03.11.16');
INSERT INTO "Sales" ("staff_id","client_id","order_id","sale_date") VALUES (2,24,26,'18.02.10');
INSERT INTO "Sales" ("staff_id","client_id","order_id","sale_date") VALUES (6,7,77,'11.10.17');
INSERT INTO "Sales" ("staff_id","client_id","order_id","sale_date") VALUES (14,4,48,'22.02.12');
INSERT INTO "Sales" ("staff_id","client_id","order_id","sale_date") VALUES (14,26,45,'19.09.12');
INSERT INTO "Sales" ("staff_id","client_id","order_id","sale_date") VALUES (7,14,51,'08.03.11');
INSERT INTO "Sales" ("staff_id","client_id","order_id","sale_date") VALUES (18,13,54,'03.10.12');
INSERT INTO "Sales" ("staff_id","client_id","order_id","sale_date") VALUES (4,10,81,'25.04.18');
INSERT INTO "Sales" ("staff_id","client_id","order_id","sale_date") VALUES (15,5,79,'26.06.14');
INSERT INTO "Sales" ("staff_id","client_id","order_id","sale_date") VALUES (9,1,18,'18.10.11');
INSERT INTO "Sales" ("staff_id","client_id","order_id","sale_date") VALUES (12,1,74,'27.01.12');
INSERT INTO "Sales" ("staff_id","client_id","order_id","sale_date") VALUES (8,27,82,'16.05.14');
INSERT INTO "Sales" ("staff_id","client_id","order_id","sale_date") VALUES (14,10,63,'19.06.13');
INSERT INTO "Sales" ("staff_id","client_id","order_id","sale_date") VALUES (10,7,65,'15.03.11');
INSERT INTO "Sales" ("staff_id","client_id","order_id","sale_date") VALUES (11,10,71,'13.10.16');
INSERT INTO "Sales" ("staff_id","client_id","order_id","sale_date") VALUES (8,8,53,'19.07.09');
INSERT INTO "Sales" ("staff_id","client_id","order_id","sale_date") VALUES (12,15,43,'09.12.12');
INSERT INTO "Sales" ("staff_id","client_id","order_id","sale_date") VALUES (11,3,21,'04.09.07');
INSERT INTO "Sales" ("staff_id","client_id","order_id","sale_date") VALUES (5,16,50,'16.10.12');
INSERT INTO "Sales" ("staff_id","client_id","order_id","sale_date") VALUES (1,3,94,'21.04.13');
INSERT INTO "Sales" ("staff_id","client_id","order_id","sale_date") VALUES (18,6,54,'25.06.11');
INSERT INTO "Sales" ("staff_id","client_id","order_id","sale_date") VALUES (16,1,51,'24.11.07');
INSERT INTO "Sales" ("staff_id","client_id","order_id","sale_date") VALUES (9,9,36,'28.07.14');
INSERT INTO "Sales" ("staff_id","client_id","order_id","sale_date") VALUES (14,20,58,'28.10.09');
INSERT INTO "Sales" ("staff_id","client_id","order_id","sale_date") VALUES (11,18,11,'02.06.15');
INSERT INTO "Sales" ("staff_id","client_id","order_id","sale_date") VALUES (17,1,18,'31.01.15');
INSERT INTO "Sales" ("staff_id","client_id","order_id","sale_date") VALUES (1,27,35,'19.07.09');
INSERT INTO "Sales" ("staff_id","client_id","order_id","sale_date") VALUES (17,20,31,'20.06.10');
INSERT INTO "Sales" ("staff_id","client_id","order_id","sale_date") VALUES (8,14,49,'03.01.16');
INSERT INTO "Sales" ("staff_id","client_id","order_id","sale_date") VALUES (4,26,71,'30.05.14');
INSERT INTO "Sales" ("staff_id","client_id","order_id","sale_date") VALUES (6,17,37,'26.03.09');
INSERT INTO "Sales" ("staff_id","client_id","order_id","sale_date") VALUES (10,18,36,'14.06.13');
INSERT INTO "Sales" ("staff_id","client_id","order_id","sale_date") VALUES (1,21,76,'07.05.08');
INSERT INTO "Sales" ("staff_id","client_id","order_id","sale_date") VALUES (13,26,2,'13.10.08');
INSERT INTO "Sales" ("staff_id","client_id","order_id","sale_date") VALUES (8,11,12,'03.08.17');
INSERT INTO "Sales" ("staff_id","client_id","order_id","sale_date") VALUES (6,6,28,'26.01.14');
INSERT INTO "Sales" ("staff_id","client_id","order_id","sale_date") VALUES (3,7,66,'04.12.12');
INSERT INTO "Sales" ("staff_id","client_id","order_id","sale_date") VALUES (14,1,19,'16.08.10');
INSERT INTO "Sales" ("staff_id","client_id","order_id","sale_date") VALUES (11,3,13,'18.12.13');
INSERT INTO "Sales" ("staff_id","client_id","order_id","sale_date") VALUES (15,10,55,'30.04.07');
INSERT INTO "Sales" ("staff_id","client_id","order_id","sale_date") VALUES (3,27,77,'27.02.10');
INSERT INTO "Sales" ("staff_id","client_id","order_id","sale_date") VALUES (8,29,12,'02.06.10');
INSERT INTO "Sales" ("staff_id","client_id","order_id","sale_date") VALUES (3,2,38,'16.09.12');
INSERT INTO "Sales" ("staff_id","client_id","order_id","sale_date") VALUES (11,1,55,'23.09.07');
INSERT INTO "Sales" ("staff_id","client_id","order_id","sale_date") VALUES (4,25,74,'23.05.07');
INSERT INTO "Sales" ("staff_id","client_id","order_id","sale_date") VALUES (14,9,48,'26.06.17');
INSERT INTO "Sales" ("staff_id","client_id","order_id","sale_date") VALUES (18,5,89,'21.08.10');
INSERT INTO "Sales" ("staff_id","client_id","order_id","sale_date") VALUES (5,13,97,'01.09.07');
INSERT INTO "Sales" ("staff_id","client_id","order_id","sale_date") VALUES (4,7,99,'03.09.14');


/*==============================================================*/
/* Staff                                                      */
/*==============================================================*/

INSERT INTO "Staff" ("position_id","full_name","EMAIL") VALUES (5,'Zachery H. Mcguire','egestas.lacinia@Proin.co.uk');
INSERT INTO "Staff" ("position_id","full_name","EMAIL") VALUES (4,'Rama Barrett','lacus@ligula.com');
INSERT INTO "Staff" ("position_id","full_name","EMAIL") VALUES (5,'Xena I. Mathews','ut.nulla.Cras@risusDonecegestas.co.uk');
INSERT INTO "Staff" ("position_id","full_name","EMAIL") VALUES (1,'Dawn I. Ortiz','luctus.vulputate@augueutlacus.ca');
INSERT INTO "Staff" ("position_id","full_name","EMAIL") VALUES (3,'Iona H. Cannon','id@urnaet.edu');
INSERT INTO "Staff" ("position_id","full_name","EMAIL") VALUES (1,'Beck Lara','inceptos@utpellentesqueeget.co.uk');
INSERT INTO "Staff" ("position_id","full_name","EMAIL") VALUES (1,'Galena Merrill','Nunc.sed.orci@adipiscingelitAliquam.net');
INSERT INTO "Staff" ("position_id","full_name","EMAIL") VALUES (4,'Kaye A. Gould','euismod.enim.Etiam@Maurisut.ca');
INSERT INTO "Staff" ("position_id","full_name","EMAIL") VALUES (4,'Cooper O. Stevens','lectus.ante@mattisCraseget.edu');
INSERT INTO "Staff" ("position_id","full_name","EMAIL") VALUES (2,'Autumn K. Romero','tortor.Integer@gravidasit.co.uk');
INSERT INTO "Staff" ("position_id","full_name","EMAIL") VALUES (4,'Madaline D. Cannon','lobortis.ultrices.Vivamus@commodotinciduntnibh.net');
INSERT INTO "Staff" ("position_id","full_name","EMAIL") VALUES (4,'Beck Joyner','nunc.est.mollis@eget.net');
INSERT INTO "Staff" ("position_id","full_name","EMAIL") VALUES (3,'Hedda M. Bell','ac.facilisis@Phasellus.co.uk');
INSERT INTO "Staff" ("position_id","full_name","EMAIL") VALUES (5,'Kylan I. Murphy','sem@eutempor.com');
INSERT INTO "Staff" ("position_id","full_name","EMAIL") VALUES (5,'Courtney X. Chandler','rhoncus.Proin@velvulputate.net');
INSERT INTO "Staff" ("position_id","full_name","EMAIL") VALUES (5,'Colton Mcneil','Vivamus@Uttinciduntvehicula.ca');
INSERT INTO "Staff" ("position_id","full_name","EMAIL") VALUES (4,'Abel Fry','turpis@erat.net');
INSERT INTO "Staff" ("position_id","full_name","EMAIL") VALUES (4,'Leroy T. Garcia','erat.Etiam@non.net');

/*==============================================================*/
/* Store                                                      */
/*==============================================================*/

INSERT INTO "Store" ("staff_id","product_id","shelf","quantity") VALUES (4,13,5,4);
INSERT INTO "Store" ("staff_id","product_id","shelf","quantity") VALUES (10,47,13,4);
INSERT INTO "Store" ("staff_id","product_id","shelf","quantity") VALUES (13,37,16,10);
INSERT INTO "Store" ("staff_id","product_id","shelf","quantity") VALUES (1,14,6,2);
INSERT INTO "Store" ("staff_id","product_id","shelf","quantity") VALUES (17,52,6,13);
INSERT INTO "Store" ("staff_id","product_id","shelf","quantity") VALUES (10,9,20,4);
INSERT INTO "Store" ("staff_id","product_id","shelf","quantity") VALUES (16,41,12,12);
INSERT INTO "Store" ("staff_id","product_id","shelf","quantity") VALUES (9,55,20,4);
INSERT INTO "Store" ("staff_id","product_id","shelf","quantity") VALUES (13,21,19,18);
INSERT INTO "Store" ("staff_id","product_id","shelf","quantity") VALUES (11,47,18,12);
INSERT INTO "Store" ("staff_id","product_id","shelf","quantity") VALUES (2,26,9,2);
INSERT INTO "Store" ("staff_id","product_id","shelf","quantity") VALUES (13,51,7,18);
INSERT INTO "Store" ("staff_id","product_id","shelf","quantity") VALUES (1,43,4,1);
INSERT INTO "Store" ("staff_id","product_id","shelf","quantity") VALUES (7,30,15,11);
INSERT INTO "Store" ("staff_id","product_id","shelf","quantity") VALUES (9,32,1,2);
INSERT INTO "Store" ("staff_id","product_id","shelf","quantity") VALUES (14,34,10,8);
INSERT INTO "Store" ("staff_id","product_id","shelf","quantity") VALUES (16,23,8,8);
INSERT INTO "Store" ("staff_id","product_id","shelf","quantity") VALUES (11,39,2,17);
